{"cameraMode":{"drawMode":0,"name":"Shaded","section":"Shading Mode"},"sceneLighting":true,"audioPlay":false,"sceneViewState":{"showFog":true,"showMaterialUpdate":false,"showSkybox":true,"showFlares":true,"showImageEffects":true,"showParticleSystems":true,"showVisualEffectGraphs":true,"m_FxEnabled":true},"in2DMode":false,"pivot":{"x":-0.2049393504858017,"y":2.8832905292510988,"z":-129.32423400878907},"rotation":{"x":-0.09014900773763657,"y":0.028974300250411035,"z":-0.0026244833134114744,"w":-0.995507001876831},"size":0.6824634075164795,"orthographic":false}