{"cameraMode":{"drawMode":0,"name":"Shaded","section":"Shading Mode"},"sceneLighting":true,"audioPlay":false,"sceneViewState":{"showFog":true,"showMaterialUpdate":false,"showSkybox":true,"showFlares":true,"showImageEffects":true,"showParticleSystems":true,"showVisualEffectGraphs":true,"m_FxEnabled":true},"in2DMode":false,"pivot":{"x":-3.742968797683716,"y":-0.15742838382720948,"z":-117.82444763183594},"rotation":{"x":-0.04917619749903679,"y":-0.02337227575480938,"z":0.0011510029435157776,"w":-0.9985164403915405},"size":1.2705373764038087,"orthographic":false}