{"cameraMode":{"drawMode":0,"name":"Shaded","section":"Shading Mode"},"sceneLighting":false,"audioPlay":false,"sceneViewState":{"showFog":true,"showMaterialUpdate":false,"showSkybox":false,"showFlares":true,"showImageEffects":true,"showParticleSystems":true,"showVisualEffectGraphs":true,"m_FxEnabled":true},"in2DMode":false,"pivot":{"x":-3.119999885559082,"y":3.9739999771118166,"z":3.0199999809265138},"rotation":{"x":0.24876368045806886,"y":-0.009296848438680172,"z":0.002360391430556774,"w":0.9685437083244324},"size":1.2247449159622193,"orthographic":false}