{"cameraMode":{"drawMode":0,"name":"Shaded","section":"Shading Mode"},"sceneLighting":false,"audioPlay":false,"sceneViewState":{"showFog":true,"showMaterialUpdate":false,"showSkybox":false,"showFlares":true,"showImageEffects":true,"showParticleSystems":true,"showVisualEffectGraphs":true,"m_FxEnabled":true},"in2DMode":false,"pivot":{"x":0.16560745239257813,"y":0.24334919452667237,"z":0.9899663925170898},"rotation":{"x":0.03826802596449852,"y":-0.6159480810165405,"z":0.029943177476525308,"w":0.7863203287124634},"size":5.100017547607422,"orthographic":false}