{"cameraMode":{"drawMode":0,"name":"Shaded","section":"Shading Mode"},"sceneLighting":false,"audioPlay":false,"sceneViewState":{"showFog":true,"showMaterialUpdate":false,"showSkybox":false,"showFlares":true,"showImageEffects":true,"showParticleSystems":true,"showVisualEffectGraphs":true,"m_FxEnabled":true},"in2DMode":false,"pivot":{"x":-6.363956451416016,"y":0.09000003337860108,"z":-15.789860725402832},"rotation":{"x":0.08276162296533585,"y":0.1142578274011612,"z":-0.009577685967087746,"w":0.9899773597717285},"size":3.7234575748443605,"orthographic":false}