{"cameraMode":{"drawMode":0,"name":"Shaded","section":"Shading Mode"},"sceneLighting":true,"audioPlay":false,"sceneViewState":{"showFog":true,"showMaterialUpdate":false,"showSkybox":true,"showFlares":true,"showImageEffects":true,"showParticleSystems":true,"showVisualEffectGraphs":true,"m_FxEnabled":true},"in2DMode":false,"pivot":{"x":3.692382574081421,"y":0.4107721149921417,"z":-120.63095092773438},"rotation":{"x":0.009312351234257222,"y":0.7239309549331665,"z":-0.009770593605935574,"w":0.6898394823074341},"size":8.028141021728516,"orthographic":false}