{"cameraMode":{"drawMode":0,"name":"Shaded","section":"Shading Mode"},"sceneLighting":false,"audioPlay":false,"sceneViewState":{"showFog":true,"showMaterialUpdate":false,"showSkybox":false,"showFlares":true,"showImageEffects":true,"showParticleSystems":true,"showVisualEffectGraphs":true,"m_FxEnabled":true},"in2DMode":false,"pivot":{"x":11.676733016967774,"y":0.07800006866455078,"z":-1.9958821535110474},"rotation":{"x":0.08276162296533585,"y":0.1142578274011612,"z":-0.009577685967087746,"w":0.9899773597717285},"size":7.848694324493408,"orthographic":false}