{"cameraMode":{"drawMode":0,"name":"Shaded","section":"Shading Mode"},"sceneLighting":true,"audioPlay":false,"sceneViewState":{"showFog":true,"showMaterialUpdate":false,"showSkybox":true,"showFlares":true,"showImageEffects":true,"showParticleSystems":true,"showVisualEffectGraphs":true,"m_FxEnabled":true},"in2DMode":false,"pivot":{"x":0.14836478233337403,"y":0.10128235816955567,"z":0.48902198672294619},"rotation":{"x":-0.005762848071753979,"y":0.9805550575256348,"z":-0.1939847618341446,"w":-0.029130131006240846},"size":1.1203484535217286,"orthographic":false}