{"cameraMode":{"drawMode":0,"name":"Shaded","section":"Shading Mode"},"sceneLighting":false,"audioPlay":false,"sceneViewState":{"showFog":true,"showMaterialUpdate":false,"showSkybox":false,"showFlares":true,"showImageEffects":true,"showParticleSystems":true,"showVisualEffectGraphs":true,"m_FxEnabled":true},"in2DMode":false,"pivot":{"x":-12.544758796691895,"y":16.995010375976564,"z":-31.085124969482423},"rotation":{"x":0.04506384953856468,"y":-0.5638100504875183,"z":0.03079797513782978,"w":0.8241308331489563},"size":15.687849044799805,"orthographic":false}