{"cameraMode":{"drawMode":0,"name":"Shaded","section":"Shading Mode"},"sceneLighting":false,"audioPlay":false,"sceneViewState":{"showFog":true,"showMaterialUpdate":false,"showSkybox":false,"showFlares":true,"showImageEffects":true,"showParticleSystems":true,"showVisualEffectGraphs":true,"m_FxEnabled":true},"in2DMode":false,"pivot":{"x":-21.598661422729493,"y":1.577376127243042,"z":-7.2074689865112309},"rotation":{"x":0.08276162296533585,"y":0.1142578274011612,"z":-0.009577685967087746,"w":0.9899773597717285},"size":0.7034332156181336,"orthographic":false}