{"cameraMode":{"drawMode":0,"name":"Shaded","section":"Shading Mode"},"sceneLighting":true,"audioPlay":false,"sceneViewState":{"showFog":true,"showMaterialUpdate":false,"showSkybox":true,"showFlares":true,"showImageEffects":true,"showParticleSystems":true},"in2DMode":false,"pivot":{"x":0.36767417192459109,"y":2.1137051582336427,"z":-15.714274406433106},"rotation":{"x":0.036589622497558597,"y":0.016791293397545816,"z":0.00006008661148371175,"w":-0.9992935061454773},"size":7.524717807769775,"orthographic":false}