{"cameraMode":{"drawMode":0,"name":"Shaded","section":"Shading Mode"},"sceneLighting":false,"audioPlay":false,"sceneViewState":{"showFog":true,"showMaterialUpdate":false,"showSkybox":true,"showFlares":true,"showImageEffects":true,"showParticleSystems":true},"in2DMode":false,"pivot":{"x":-0.0005517005920410156,"y":-2.384185791015625e-7,"z":0.0},"rotation":{"x":-0.0659523457288742,"y":-0.0965406522154808,"z":0.006397975143045187,"w":-0.9931371212005615},"size":32.88395309448242,"orthographic":false}