{"cameraMode":{"drawMode":0,"name":"Shaded","section":"Shading Mode"},"sceneLighting":true,"audioPlay":false,"sceneViewState":{"showFog":true,"showMaterialUpdate":false,"showSkybox":true,"showFlares":true,"showImageEffects":true,"showParticleSystems":true},"in2DMode":false,"pivot":{"x":161.92774963378907,"y":4.0,"z":172.92945861816407},"rotation":{"x":-0.07597263902425766,"y":-0.06641078740358353,"z":0.005040166899561882,"w":-0.9949172139167786},"size":0.8660253882408142,"orthographic":false}