{"cameraMode":{"drawMode":0,"name":"Shaded","section":"Shading Mode"},"sceneLighting":false,"audioPlay":false,"sceneViewState":{"showFog":true,"showMaterialUpdate":false,"showSkybox":false,"showFlares":true,"showImageEffects":true,"showParticleSystems":true,"showVisualEffectGraphs":true,"m_FxEnabled":true},"in2DMode":false,"pivot":{"x":0.7348495125770569,"y":3.2524149417877199,"z":12.72519588470459},"rotation":{"x":0.03744671866297722,"y":0.0486394502222538,"z":-0.0018250471912324429,"w":0.9981628060340881},"size":13.18914794921875,"orthographic":false}