{"cameraMode":{"drawMode":0,"name":"Shaded","section":"Shading Mode"},"sceneLighting":false,"audioPlay":false,"sceneViewState":{"showFog":true,"showMaterialUpdate":false,"showSkybox":false,"showFlares":true,"showImageEffects":true,"showParticleSystems":true,"showVisualEffectGraphs":true,"m_FxEnabled":true},"in2DMode":false,"pivot":{"x":-0.35939058661460879,"y":-0.26258936524391177,"z":0.8843320608139038},"rotation":{"x":0.00249285320751369,"y":-0.9971012473106384,"z":0.03651617094874382,"w":0.06710927933454514},"size":0.8660253882408142,"orthographic":false}