{"cameraMode":{"drawMode":0,"name":"Shaded","section":"Shading Mode"},"sceneLighting":false,"audioPlay":false,"sceneViewState":{"showFog":true,"showMaterialUpdate":false,"showSkybox":false,"showFlares":true,"showImageEffects":true,"showParticleSystems":true,"showVisualEffectGraphs":true,"m_FxEnabled":true},"in2DMode":false,"pivot":{"x":161.92774963378907,"y":147.14463806152345,"z":172.92945861816407},"rotation":{"x":-0.15506717562675477,"y":-0.7170031070709229,"z":0.16886009275913239,"w":-0.6583232879638672},"size":3.6692700386047365,"orthographic":false}