{"cameraMode":{"drawMode":0,"name":"Shaded","section":"Shading Mode"},"sceneLighting":false,"audioPlay":false,"sceneViewState":{"showFog":true,"showMaterialUpdate":false,"showSkybox":false,"showFlares":true,"showImageEffects":true,"showParticleSystems":true,"showVisualEffectGraphs":true,"m_FxEnabled":true},"in2DMode":false,"pivot":{"x":-1.1848989725112916,"y":0.01252935640513897,"z":-606.3359985351563},"rotation":{"x":0.17243921756744386,"y":0.6128186583518982,"z":-0.13927900791168214,"w":0.7585467100143433},"size":0.25982171297073367,"orthographic":false}